yearID,teamID,playerID,nameFirst,nameLast,R,1B,2B,3B,HR,HBP,BB,CS,RBI,SB,NotHits,OBP,SLG
2014,SLN,adamsma01,Matt,Adams,55,98,34,5,15,3,26,2,68,3,375,0.32149200710479575,0.4573
2012,SDN,alonsyo01,Yonder,Alonso,47,102,39,0,9,3,62,0,62,3,399,0.3478964401294498,0.3934
2012,PIT,alvarpe01,Pedro,Alvarez,64,72,25,1,30,1,57,0,85,1,397,0.3174061433447099,0.4667
2013,PIT,alvarpe01,Pedro,Alvarez,70,70,22,2,36,4,48,0,100,2,428,0.2964169381107492,0.4731
2015,COL,arenano01,Nolan,Arenado,97,88,43,4,42,4,34,5,130,2,439,0.3233082706766917,0.5747
2016,COL,arenano01,Nolan,Arenado,116,100,35,6,41,2,68,3,133,2,436,0.3620689655172414,0.5696
2005,COL,atkinga01,Garrett,Atkins,62,104,31,1,13,5,45,2,89,0,370,0.3472949389179756,0.4258
2006,COL,atkinga01,Garrett,Atkins,117,120,48,1,29,7,79,0,120,4,404,0.40863309352517985,0.5565
2007,COL,atkinga01,Garrett,Atkins,83,121,35,1,25,2,67,1,111,3,423,0.3669590643274854,0.4860
2008,COL,atkinga01,Garrett,Atkins,86,119,32,3,21,3,40,1,99,1,436,0.32831325301204817,0.4517
2012,BOS,avilemi01,Mike,Aviles,57,87,28,0,13,2,23,6,60,14,384,0.281767955801105,0.3809
2006,SDN,barfijo02,Josh,Barfield,72,103,32,3,13,2,30,5,58,21,388,0.3177083333333333,0.4230
2009,COL,barmecl01,Clint,Barmes,69,77,32,3,23,10,31,10,76,12,415,0.29431438127090304,0.4400
2011,SDN,bartlja01,Jason,Bartlett,61,109,22,3,2,5,48,10,40,23,418,0.3083197389885807,0.3069
2007,PIT,bautijo02,Jose,Bautista,75,82,36,2,15,4,68,3,63,6,397,0.33934426229508197,0.4135
2005,PIT,bayja01,Jason,Bay,110,101,44,6,32,6,95,1,101,21,416,0.4016973125884017,0.5593
2006,PIT,bayja01,Jason,Bay,101,96,29,3,35,8,102,2,109,11,407,0.39622641509433965,0.5316
2007,PIT,bayja01,Jason,Bay,78,85,25,2,21,9,59,1,84,4,405,0.3273615635179153,0.4182
2009,BOS,bayja01,Jason,Bay,103,74,29,3,36,9,94,3,119,13,389,0.384012539184953,0.5367
2004,BOS,bellhma01,Mark,Bellhorn,93,81,37,3,17,5,88,1,82,6,385,0.37318255250403876,0.4436
2000,LAN,beltrad01,Adrian,Beltre,71,96,30,2,20,2,56,5,85,12,362,0.36013986013986016,0.4745
2002,LAN,beltrad01,Adrian,Beltre,70,99,26,5,21,4,37,5,75,7,436,0.3028391167192429,0.4259
2003,LAN,beltrad01,Adrian,Beltre,50,79,30,2,23,5,37,2,80,2,425,0.2899505766062603,0.4240
2004,LAN,beltrad01,Adrian,Beltre,104,120,32,0,48,2,53,2,121,7,398,0.3881278538812785,0.6288
2010,BOS,beltrad01,Adrian,Beltre,84,110,49,2,28,5,40,1,102,2,400,0.36505460218408736,0.5535
2012,SLN,beltrca01,Carlos,Beltran,83,88,26,1,32,2,65,6,97,13,400,0.34627831715210355,0.4954
2013,SLN,beltrca01,Carlos,Beltran,79,107,30,3,24,1,38,1,84,2,390,0.33889816360601,0.4910
2015,BOS,bettsmo01,Mookie,Betts,92,106,42,8,18,2,46,6,77,21,423,0.34101382488479265,0.4791
2016,BOS,bettsmo01,Mookie,Betts,122,136,42,5,31,2,49,4,113,26,458,0.363013698630137,0.5342
2014,COL,blackch02,Charlie,Blackmon,82,122,27,3,19,13,31,10,72,28,422,0.3348909657320872,0.4401
2015,COL,blackch02,Charlie,Blackmon,93,119,31,9,17,13,46,13,58,43,438,0.34711964549483015,0.4495
2016,COL,blackch02,Charlie,Blackmon,111,118,35,5,29,13,43,9,82,17,391,0.38087774294670845,0.5519
2010,LAN,blakeca01,Casey,Blake,56,80,28,1,17,8,48,4,64,0,383,0.3204225352112676,0.4067
2014,BOS,bogaexa01,Xander,Bogaerts,60,88,28,1,12,8,39,3,46,2,409,0.2972972972972973,0.3625
2015,BOS,bogaexa01,Xander,Bogaerts,84,151,35,3,7,3,32,2,81,10,417,0.3548387096774194,0.4209
2016,BOS,bogaexa01,Xander,Bogaerts,115,136,34,1,21,6,58,4,89,13,460,0.3560500695410292,0.4463
2002,CIN,booneaa01,Aaron,Boone,83,80,38,2,26,10,56,8,87,32,460,0.3136094674556213,0.4389
2016,BOS,bradlja02,Jackie,Bradley,94,86,30,7,26,10,63,2,87,9,409,0.3490566037735849,0.4857
2004,LAN,bradlmi01,Milton,Bradley,72,95,24,0,19,6,71,11,67,15,378,0.36195286195286197,0.4244
2010,CIN,bruceja01,Jay,Bruce,80,90,23,5,25,1,58,4,70,5,366,0.3525305410122164,0.4931
2011,CIN,bruceja01,Jay,Bruce,84,89,27,2,32,5,71,7,97,8,435,0.34087481146304677,0.4735
2012,CIN,bruceja01,Jay,Bruce,89,67,35,5,34,4,62,3,99,9,419,0.32701421800947866,0.5143
2013,CIN,bruceja01,Jay,Bruce,89,90,43,1,30,2,63,3,109,7,462,0.3290229885057471,0.4776
2015,CIN,bruceja01,Jay,Bruce,72,66,35,4,26,2,58,5,87,9,449,0.2942989214175655,0.4345
2004,COL,burnije01,Jeromy,Burnitz,94,82,30,4,37,5,58,6,110,5,387,0.3564356435643564,0.5593
2003,SDN,burrose01,Sean,Burroughs,62,108,27,6,7,11,44,2,58,7,369,0.3524305555555556,0.4023
2004,SDN,burrose01,Sean,Burroughs,76,128,23,3,2,9,31,4,47,5,367,0.3481349911190053,0.3652
2006,SDN,camermi01,Mike,Cameron,88,83,34,9,22,6,71,9,83,25,404,0.3548895899053628,0.4819
2007,SDN,camermi01,Mike,Cameron,88,78,33,6,21,8,67,5,78,18,433,0.32819722650231126,0.4308
2013,SLN,carpema01,Matt,Carpenter,126,126,55,7,11,9,72,3,78,3,427,0.39215686274509803,0.4808
2014,SLN,carpema01,Matt,Carpenter,99,119,33,2,8,8,95,3,59,5,433,0.37482319660537483,0.3748
2015,SLN,carpema01,Matt,Carpenter,101,81,44,3,28,6,81,3,84,4,418,0.36541353383458647,0.5052
2001,CIN,caseyse01,Sean,Casey,69,112,40,0,13,9,43,1,89,3,368,0.36904761904761907,0.4578
2003,CIN,caseyse01,Sean,Casey,71,131,19,3,14,2,51,0,80,4,406,0.3497615262321145,0.4084
2004,CIN,caseyse01,Sean,Casey,101,115,44,2,24,10,46,0,99,2,386,0.3807266982622433,0.5342
2005,CIN,caseyse01,Sean,Casey,75,124,32,0,9,5,48,0,58,2,364,0.37137989778534924,0.4234
2006,PIT,castijo02,Jose,Castillo,54,92,25,0,14,5,32,4,65,6,387,0.2994652406417112,0.3822
2004,COL,castivi02,Vinny,Castilla,93,77,43,3,35,6,51,0,131,0,425,0.3317901234567901,0.5352
2013,CIN,choosh01,Shin-Soo,Choo,107,105,34,2,21,26,112,11,54,20,407,0.4231311706629055,0.4622
2000,COL,cirilje01,Jeff,Cirillo,111,129,53,2,11,6,67,4,115,3,403,0.3923865300146413,0.4766
2001,COL,cirilje01,Jeff,Cirillo,72,118,26,4,17,5,43,2,83,12,363,0.3641025641025641,0.4735
2004,COL,claytro01,Royce,Clayton,95,112,36,4,8,4,48,5,54,10,414,0.3375796178343949,0.3972
2012,CIN,cozarza01,Zack,Cozart,72,86,33,4,15,3,31,0,35,4,423,0.28762541806020064,0.3993
2013,CIN,cozarza01,Zack,Cozart,74,99,30,3,12,2,26,0,63,0,423,0.28429752066115704,0.3810
2014,CIN,cozarza01,Zack,Cozart,48,85,18,5,4,7,25,0,38,7,394,0.26765799256505574,0.3004
2013,SLN,craigal01,Allen,Craig,71,116,29,2,13,10,40,0,97,2,348,0.37300177619893427,0.4567
2011,BOS,crawfca02,Carl,Crawford,65,82,29,7,11,3,23,6,56,18,377,0.2891791044776119,0.4051
2007,BOS,crispco01,Coco,Crisp,85,100,28,7,6,1,50,6,60,28,385,0.32989690721649484,0.3821
2002,SDN,cruzde01,Deivi,Cruz,49,98,28,2,7,3,22,3,47,2,379,0.29411764705882354,0.3658
2002,BOS,damonjo01,Johnny,Damon,118,119,34,11,14,6,65,6,63,31,445,0.3562231759656652,0.4430
2003,BOS,damonjo01,Johnny,Damon,103,116,32,6,12,2,68,6,67,30,442,0.34502923976608185,0.4046
2004,BOS,damonjo01,Johnny,Damon,123,128,35,6,20,2,76,8,94,19,432,0.3803418803418803,0.4767
2005,BOS,damonjo01,Johnny,Damon,117,146,35,6,10,2,53,1,75,18,427,0.36627906976744184,0.4391
2002,CIN,dunnad01,Adam,Dunn,84,77,28,2,26,9,128,9,71,19,402,0.4,0.4542
2004,CIN,dunnad01,Adam,Dunn,105,71,34,0,46,5,108,1,102,6,417,0.3876651982378855,0.5687
2005,CIN,dunnad01,Adam,Dunn,107,57,35,2,40,12,114,2,101,4,409,0.38748137108792846,0.5396
2006,CIN,dunnad01,Adam,Dunn,99,67,24,0,40,6,112,0,92,7,430,0.3651026392961877,0.4902
2007,CIN,dunnad01,Adam,Dunn,101,69,27,2,40,5,101,2,106,9,384,0.3860759493670886,0.5536
2016,CIN,duvalad01,Adam,Duvall,85,63,31,6,33,6,41,5,103,6,419,0.29654036243822074,0.4982
2005,SLN,eckstda01,David,Eckstein,90,144,26,7,8,13,58,8,61,11,445,0.36312056737588655,0.3952
2006,SLN,eckstda01,David,Eckstein,68,125,18,1,2,15,31,6,23,7,354,0.34972677595628415,0.3440
2009,SDN,eckstda01,David,Eckstein,64,100,27,2,2,9,39,1,51,3,372,0.3225225225225225,0.3340
2000,SLN,edmonji01,Jim,Edmonds,129,88,25,0,42,6,103,3,108,10,370,0.411214953271028,0.5829
2001,SLN,edmonji01,Jim,Edmonds,95,83,38,1,30,4,93,5,110,5,348,0.4102141680395387,0.5640
2008,BOS,ellsbja01,Jacoby,Ellsbury,98,117,22,7,9,7,41,11,47,50,399,0.33553719008264465,0.3935
2009,BOS,ellsbja01,Jacoby,Ellsbury,94,143,27,10,8,6,49,12,60,70,436,0.35474452554744523,0.4151
2011,BOS,ellsbja01,Jacoby,Ellsbury,119,129,46,5,32,9,52,15,105,39,448,0.3760330578512397,0.5515
2013,BOS,ellsbja01,Jacoby,Ellsbury,92,124,31,8,9,5,47,4,53,52,405,0.3549920760697306,0.4263
2007,CIN,encared01,Edwin,Encarnacion,66,103,25,1,16,14,39,1,76,8,357,0.35611510791366907,0.4382
2008,CIN,encared01,Edwin,Encarnacion,75,71,29,1,26,10,61,0,68,1,379,0.3402061855670103,0.4664
2006,SLN,encarju01,Juan,Encarnacion,74,106,25,5,19,4,30,5,79,6,402,0.3165829145728643,0.4434
2008,LAN,ethiean01,Andre,Ethier,90,97,38,5,20,4,59,3,77,6,365,0.37478991596638656,0.5105
2009,LAN,ethiean01,Andre,Ethier,92,86,42,3,31,13,72,4,106,6,434,0.3605839416058394,0.5084
2010,LAN,ethiean01,Andre,Ethier,71,94,33,1,23,3,59,1,82,2,366,0.3641025641025641,0.4932
2012,LAN,ethiean01,Andre,Ethier,79,101,36,1,20,9,50,2,89,2,398,0.3511326860841424,0.4604
2013,CIN,frazito01,Todd,Frazier,63,73,29,3,19,14,50,5,73,6,407,0.31438127090301005,0.4068
2014,CIN,frazito01,Todd,Frazier,88,111,22,1,29,7,52,8,80,20,434,0.33636363636363636,0.4590
2015,CIN,frazito01,Todd,Frazier,82,79,43,1,35,7,44,8,89,13,461,0.3087149187592319,0.4976
2004,CIN,freelry01,Ryan,Freel,74,108,21,8,3,12,67,10,28,37,365,0.375,0.3683
2012,SLN,freesda01,David,Freese,70,101,25,1,20,7,57,3,79,3,354,0.37213403880070545,0.4671
2006,LAN,furcara01,Rafael,Furcal,113,140,32,9,15,1,73,13,63,37,458,0.3693570451436389,0.4450
2007,LAN,furcara01,Rafael,Furcal,87,124,23,4,6,1,55,6,47,25,424,0.3328125,0.3546
2009,LAN,furcara01,Rafael,Furcal,92,123,28,5,9,1,61,6,47,12,448,0.3353028064992615,0.3752
2000,BOS,garcino01,Nomar,Garciaparra,104,122,51,3,21,2,61,2,96,5,332,0.4340567612687813,0.5992
2002,BOS,garcino01,Nomar,Garciaparra,101,112,56,5,24,6,41,2,120,5,438,0.35209235209235207,0.5276
2003,BOS,garcino01,Nomar,Garciaparra,120,120,37,13,28,11,39,5,105,19,460,0.34540389972144847,0.5243
2000,PIT,gilesbr02,Brian,Giles,111,97,37,7,35,7,114,0,123,6,383,0.4316860465116279,0.5939
2001,PIT,gilesbr02,Brian,Giles,116,97,37,7,37,4,90,6,95,13,398,0.4035608308605341,0.5903
2004,SDN,gilesbr02,Brian,Giles,97,110,33,7,23,4,89,3,94,10,436,0.37412095639943743,0.4745
2005,SDN,gilesbr02,Brian,Giles,92,103,38,8,15,2,119,5,83,13,381,0.4228486646884273,0.4826
2006,SDN,gilesbr02,Brian,Giles,87,107,37,1,14,5,104,4,83,9,445,0.3737796373779637,0.3974
2008,SDN,gilesbr02,Brian,Giles,81,115,40,4,12,2,87,2,63,2,388,0.3981623277182236,0.4562
2008,SLN,glaustr01,Troy,Glaus,69,86,33,1,27,3,87,1,99,0,397,0.37205651491365777,0.4835
2010,CIN,gomesjo01,Jonny,Gomes,77,91,24,3,18,12,39,3,86,5,375,0.3274956217162872,0.4305
2006,SDN,gonzaad01,Adrian,Gonzalez,83,110,38,1,24,3,52,1,82,0,397,0.3619047619047619,0.5000
2007,SDN,gonzaad01,Adrian,Gonzalez,101,103,46,3,30,3,65,0,100,0,464,0.3472222222222222,0.5015
2008,SDN,gonzaad01,Adrian,Gonzalez,103,103,32,1,36,7,74,0,119,0,444,0.36142857142857143,0.5097
2009,SDN,gonzaad01,Adrian,Gonzalez,90,84,27,2,40,5,119,1,99,1,399,0.4073529411764706,0.5507
2010,SDN,gonzaad01,Adrian,Gonzalez,87,112,33,0,31,2,93,0,101,0,415,0.3927536231884058,0.5110
2011,BOS,gonzaad01,Adrian,Gonzalez,108,138,45,3,27,6,74,0,117,1,417,0.4097902097902098,0.5476
2013,LAN,gonzaad01,Adrian,Gonzalez,69,117,32,0,22,1,47,0,100,1,412,0.3416536661466459,0.4614
2014,LAN,gonzaad01,Adrian,Gonzalez,83,95,41,0,27,2,56,1,116,1,428,0.33484848484848484,0.4822
2015,LAN,gonzaad01,Adrian,Gonzalez,76,96,33,0,28,6,62,1,90,0,414,0.35046728971962615,0.4799
2016,LAN,gonzaad01,Adrian,Gonzalez,69,113,31,0,18,4,55,2,90,0,406,0.34913112164297,0.4349
2010,COL,gonzaca01,Carlos,Gonzalez,111,120,34,9,34,2,40,8,117,26,390,0.3757861635220126,0.5980
2012,COL,gonzaca01,Carlos,Gonzalez,89,99,31,5,22,2,56,5,85,20,361,0.37132987910189985,0.5097
2015,COL,gonzaca01,Carlos,Gonzalez,87,83,25,2,40,1,46,0,97,2,404,0.3245469522240527,0.5397
2016,COL,gonzaca01,Carlos,Gonzalez,87,105,42,2,25,1,46,2,100,2,410,0.34968354430379744,0.5051
2014,LAN,gordode01,Dee,Gordon,92,138,24,12,2,4,31,19,34,64,433,0.3261205564142195,0.3777
2007,SDN,greenkh01,Khalil,Greene,89,81,44,3,27,5,32,0,97,4,456,0.291350531107739,0.4681
2000,LAN,greensh01,Shawn,Green,98,92,44,4,24,8,90,5,99,24,446,0.36694677871148457,0.4721
2001,LAN,greensh01,Shawn,Green,121,100,31,4,49,5,72,4,125,20,435,0.3723252496433666,0.5977
2002,LAN,greensh01,Shawn,Green,110,92,31,1,42,5,93,5,114,8,416,0.3854014598540146,0.5584
2003,LAN,greensh01,Shawn,Green,84,101,49,2,19,6,68,2,85,6,440,0.3545586107091172,0.4599
2004,LAN,greensh01,Shawn,Green,92,100,28,1,28,8,71,2,86,5,433,0.35171385991058124,0.4593
2000,CIN,griffke02,Ken,Griffey,100,76,22,3,40,9,94,4,118,6,379,0.3866877971473851,0.5558
2007,CIN,griffke02,Ken,Griffey,78,91,24,1,30,1,85,1,93,6,382,0.3723916532905297,0.4962
2000,LAN,grudzma01,Mark,Grudzielanek,101,124,35,6,7,9,45,3,49,12,445,0.3353115727002967,0.3890
2001,LAN,grudzma01,Mark,Grudzielanek,83,109,21,3,13,11,28,4,55,4,393,0.31732418524871353,0.3933
2002,LAN,grudzma01,Mark,Grudzielanek,56,113,23,0,9,3,22,1,50,4,391,0.3008849557522124,0.3638
2005,SLN,grudzma01,Mark,Grudzielanek,64,114,30,3,8,7,26,6,59,8,373,0.3339253996447602,0.4072
2014,CIN,hamilbi02,Billy,Hamilton,72,102,25,8,6,1,34,23,48,56,422,0.292358803986711,0.3552
2014,PIT,harrijo05,Josh,Harrison,77,106,38,7,13,4,22,7,52,18,356,0.3467153284671533,0.4904
2007,COL,hawpebr01,Brad,Hawpe,80,84,33,4,29,3,81,2,116,0,366,0.3867768595041322,0.5388
2009,COL,hawpebr01,Brad,Hawpe,82,75,42,3,23,4,79,3,86,1,358,0.3843537414965986,0.5190
2009,SDN,headlch01,Chase,Headley,62,97,31,2,12,5,62,2,64,10,401,0.3415032679738562,0.3923
2010,SDN,headlch01,Chase,Headley,77,118,29,3,11,3,56,5,58,17,449,0.32689450222882616,0.3754
2012,SDN,headlch01,Chase,Headley,95,109,31,2,31,4,86,6,115,17,431,0.37625178826895567,0.4983
2013,SDN,headlch01,Chase,Headley,59,80,35,2,13,11,67,4,50,8,390,0.3466666666666667,0.4000
2000,COL,heltoto01,Todd,Helton,138,113,59,2,42,4,103,3,147,5,364,0.4634146341463415,0.6983
2001,COL,heltoto01,Todd,Helton,132,92,54,2,49,5,98,5,146,7,390,0.4316546762589928,0.6848
2002,COL,heltoto01,Todd,Helton,107,109,39,4,30,5,99,1,109,5,371,0.4287856071964018,0.5769
2003,COL,heltoto01,Todd,Helton,135,122,49,5,33,2,111,4,117,0,374,0.45803698435277385,0.6295
2004,COL,heltoto01,Todd,Helton,115,107,49,2,32,3,127,0,96,3,357,0.4685212298682284,0.6197
2005,COL,heltoto01,Todd,Helton,92,96,45,2,20,9,106,0,79,3,346,0.4448,0.5344
2006,COL,heltoto01,Todd,Helton,94,105,40,5,15,6,91,2,81,3,381,0.4036979969183359,0.4762
2007,COL,heltoto01,Todd,Helton,86,117,42,2,17,2,116,1,91,0,379,0.4340175953079179,0.4937
2009,COL,heltoto01,Todd,Helton,79,121,38,3,15,2,89,1,86,0,367,0.41550387596899224,0.4890
2015,SLN,heywaja01,Jason,Heyward,79,110,33,4,13,2,56,3,60,23,387,0.35855263157894735,0.4388
2002,BOS,hillesh02,Shea,Hillenbrand,94,121,43,4,18,12,25,2,83,4,448,0.32988165680473375,0.4590
2006,COL,hollima01,Matt,Holliday,119,112,45,5,34,15,47,5,114,10,406,0.3868065967016492,0.5864
2007,COL,hollima01,Matt,Holliday,120,124,50,6,36,10,63,4,137,11,420,0.4053295932678822,0.6069
2008,COL,hollima01,Matt,Holliday,107,108,38,2,25,8,74,2,88,28,366,0.40930979133226325,0.5380
2010,SLN,hollima01,Matt,Holliday,95,112,45,1,28,8,69,5,103,9,410,0.3896296296296296,0.5319
2012,SLN,hollima01,Matt,Holliday,95,112,36,2,27,9,75,4,102,4,422,0.3793604651162791,0.4975
2013,SLN,hollima01,Matt,Holliday,103,102,31,1,22,9,69,1,94,6,364,0.38870431893687707,0.4904
2014,SLN,hollima01,Matt,Holliday,83,99,37,0,20,17,74,1,90,4,418,0.37031484257871067,0.4408
2009,LAN,hudsoor01,Orlando,Hudson,74,106,35,6,9,4,62,1,62,8,395,0.35691318327974275,0.4174
2003,LAN,izturce01,Cesar,Izturis,47,112,21,6,1,0,25,5,40,10,418,0.2815699658703072,0.3154
2004,LAN,izturce01,Cesar,Izturis,90,148,32,9,4,0,43,9,62,25,477,0.329608938547486,0.3806
2013,SLN,jayjo02,Jon,Jay,75,115,27,2,7,14,52,5,67,10,397,0.3505654281098546,0.3704
2004,CIN,jimenda01,D'Angelo,Jimenez,76,109,28,3,12,2,82,7,67,13,411,0.36363636363636365,0.3943
2010,PIT,jonesga02,Garrett,Jones,64,90,34,1,21,1,53,3,86,7,446,0.3058103975535168,0.4139
2000,LAN,karroer01,Eric,Karros,84,86,29,0,31,4,63,3,106,4,438,0.3212669683257919,0.4589
2002,LAN,karroer01,Eric,Karros,52,102,26,1,13,6,37,2,73,4,382,0.3228621291448517,0.3989
2008,LAN,kempma01,Matt,Kemp,93,115,38,5,18,1,46,11,76,35,430,0.3399390243902439,0.4587
2009,LAN,kempma01,Matt,Kemp,97,122,25,7,26,3,52,8,101,34,426,0.3523238380809595,0.4901
2010,LAN,kempma01,Matt,Kemp,82,91,25,6,28,4,53,15,89,19,452,0.30988023952095806,0.4502
2011,LAN,kempma01,Matt,Kemp,115,119,33,4,39,6,74,11,126,40,407,0.3991291727140784,0.5864
2014,LAN,kempma01,Matt,Kemp,77,89,38,3,25,0,52,5,89,8,386,0.34557595993322204,0.5065
2015,SDN,kempma01,Matt,Kemp,80,101,31,3,23,5,39,2,100,12,438,0.3117283950617284,0.4430
2000,PIT,kendaja01,Jason,Kendall,112,132,33,6,14,15,79,12,58,22,394,0.4121122599704579,0.4698
2001,PIT,kendaja01,Jason,Kendall,84,127,22,2,10,20,44,14,53,13,445,0.33482142857142855,0.3581
2002,PIT,kendaja01,Jason,Kendall,59,123,25,3,3,9,49,8,44,15,391,0.3504132231404959,0.3560
2003,PIT,kendaja01,Jason,Kendall,84,153,29,3,6,25,49,7,58,8,396,0.3990963855421687,0.4157
2004,PIT,kendaja01,Jason,Kendall,86,148,32,0,3,19,60,8,51,11,391,0.3987823439878234,0.3902
2005,LAN,kentje01,Jeff,Kent,100,95,36,0,29,8,72,2,105,6,393,0.37676609105180536,0.5118
2001,SDN,kleskry01,Ryan,Klesko,105,84,34,6,30,3,88,4,113,23,384,0.384012539184953,0.5390
2002,SDN,kleskry01,Ryan,Klesko,90,93,39,1,29,4,76,2,95,6,378,0.38782051282051283,0.5370
2002,SDN,kotsama01,Mark,Kotsay,82,118,27,7,17,3,59,9,61,11,409,0.358695652173913,0.4516
2008,SDN,kouzmke01,Kevin,Kouzmanoff,71,104,31,4,23,15,23,0,84,0,462,0.2994011976047904,0.4327
2009,SDN,kouzmke01,Kevin,Kouzmanoff,50,85,31,1,18,11,27,0,88,1,394,0.3019197207678883,0.4197
2002,CIN,larkiba01,Barry,Larkin,72,78,37,2,7,3,44,4,47,13,383,0.3048128342245989,0.3669
2007,PIT,larocad01,Adam,LaRoche,71,90,42,0,21,3,62,1,88,1,410,0.3449367088607595,0.4583
2009,PIT,larocan01,Andy,LaRoche,64,89,29,5,12,8,50,1,64,3,389,0.3304794520547945,0.4008
2015,COL,lemahdj01,DJ,LeMahieu,85,138,21,5,6,1,50,3,61,23,394,0.3581847649918963,0.3883
2016,COL,lemahdj01,DJ,LeMahieu,104,141,32,8,11,3,66,7,66,11,360,0.41626794258373206,0.4946
2002,LAN,loducpa01,Paul,"Lo Duca",74,114,38,1,10,10,34,1,64,3,417,0.32961783439490444,0.4017
2003,LAN,loducpa01,Paul,"Lo Duca",64,112,34,2,7,10,44,2,52,0,413,0.33547351524879615,0.3768
2008,LAN,loneyja01,James,Loney,66,118,35,6,13,3,45,4,90,7,423,0.3384615384615385,0.4336
2009,LAN,loneyja01,James,Loney,73,122,25,2,13,0,70,3,90,7,414,0.3569230769230769,0.3993
2010,LAN,loneyja01,James,Loney,67,104,41,2,10,4,52,5,88,10,431,0.3287037037037037,0.3946
2011,LAN,loneyja01,James,Loney,56,110,30,1,12,1,42,0,65,4,378,0.3385146804835924,0.4162
2005,CIN,lopezfe01,Felipe,Lopez,97,107,34,5,23,1,57,7,85,15,411,0.351937984496124,0.4862
2003,SDN,loretma01,Mark,Loretta,74,140,28,4,13,3,54,4,72,5,404,0.3723076923076923,0.4414
2004,SDN,loretma01,Mark,Loretta,108,143,47,2,16,9,58,3,76,5,412,0.3911806543385491,0.4952
2006,BOS,loretma01,Mark,Loretta,75,143,33,0,5,12,49,1,59,4,454,0.34522111269614836,0.3606
2006,BOS,lowelmi01,Mike,Lowell,79,95,47,1,20,4,47,2,80,2,410,0.33914421553090335,0.4747
2007,BOS,lowelmi01,Mike,Lowell,79,131,37,2,21,3,53,2,120,3,398,0.3782542113323124,0.5008
2008,SLN,ludwiry01,Ryan,Ludwick,104,81,40,3,37,8,62,4,113,4,377,0.375,0.5911
2007,BOS,lugoju01,Julio,Lugo,71,89,36,2,8,0,48,6,73,33,435,0.2942122186495177,0.3491
2013,PIT,martest01,Starling,Marte,83,95,26,10,12,24,25,15,35,41,367,0.34285714285714286,0.4412
2015,PIT,martest01,Starling,Marte,84,115,30,2,19,19,27,10,81,30,413,0.33650793650793653,0.4439
2007,LAN,martiru01,Russell,Martin,87,104,32,3,19,7,67,9,87,21,382,0.3741935483870968,0.4685
2008,LAN,martiru01,Russell,Martin,87,117,25,0,13,5,90,6,69,18,398,0.38461538461538464,0.3960
2009,LAN,martiru01,Russell,Martin,63,100,19,0,7,11,69,6,53,11,379,0.3515358361774744,0.3287
2002,SLN,martiti02,Tino,Martinez,63,87,25,1,21,2,58,2,75,3,377,0.3373913043478261,0.4384
2011,SDN,maybica01,Cameron,Maybin,82,95,24,8,9,2,44,8,40,40,380,0.32269503546099293,0.3934
2012,SDN,maybica01,Cameron,Maybin,67,90,20,5,8,4,44,7,45,26,384,0.3064516129032258,0.3491
2010,PIT,mccutan01,Andrew,McCutchen,94,107,35,5,16,5,70,10,56,33,407,0.36503067484662577,0.4491
2011,PIT,mccutan01,Andrew,McCutchen,87,86,34,5,23,9,89,10,89,23,424,0.363905325443787,0.4563
2012,PIT,mccutan01,Andrew,McCutchen,107,128,29,6,31,5,70,12,96,20,399,0.399702823179792,0.5531
2013,PIT,mccutan01,Andrew,McCutchen,97,121,38,5,21,9,78,10,84,27,398,0.4035608308605341,0.5077
2014,PIT,mccutan01,Andrew,McCutchen,89,103,38,6,25,10,84,3,83,18,376,0.4104938271604938,0.5420
2015,PIT,mccutan01,Andrew,McCutchen,91,103,36,3,23,12,98,5,96,11,401,0.40145985401459855,0.4876
2016,PIT,mccutan01,Andrew,McCutchen,81,100,26,3,24,5,69,7,79,6,445,0.3362962962962963,0.4298
2008,PIT,mclouna01,Nate,McLouth,113,89,46,4,26,12,65,3,94,23,432,0.3558823529411765,0.4975
2014,PIT,mercejo03,Jordy,Mercer,56,88,27,2,12,4,35,1,55,4,377,0.3054545454545455,0.3874
2016,PIT,mercejo03,Jordy,Mercer,66,97,22,3,11,5,51,1,59,1,386,0.3275563258232236,0.3738
2004,COL,milesaa01,Aaron,Miles,75,129,15,3,6,2,29,7,47,12,369,0.3291592128801431,0.3678
2003,BOS,millake01,Kevin,Millar,83,94,30,1,25,5,60,2,96,3,394,0.3478964401294498,0.4724
2004,BOS,millake01,Kevin,Millar,74,97,36,0,18,17,57,1,74,1,357,0.3826530612244898,0.4744
2012,SLN,molinya01,Yadier,Molina,65,109,28,0,22,5,45,3,76,12,346,0.3732142857142857,0.5010
2013,SLN,molinya01,Yadier,Molina,68,105,44,0,12,3,30,2,80,3,344,0.3585951940850277,0.4772
2016,SLN,molinya01,Yadier,Molina,56,117,38,1,8,6,39,2,58,3,370,0.35972461273666095,0.4270
2014,COL,morneju01,Justin,Morneau,62,108,32,3,17,6,34,3,82,0,342,0.36363636363636365,0.4960
2000,PIT,morriwa02,Warren,Morris,68,101,31,2,3,2,65,10,43,7,391,0.3411371237458194,0.3428
2003,BOS,muellbi02,Bill,Mueller,85,102,45,5,19,7,59,4,85,1,353,0.3976510067114094,0.5401
2005,BOS,muellbi02,Bill,Mueller,69,106,34,3,10,6,59,0,62,0,366,0.3694915254237288,0.4297
2016,SDN,myerswi01,Wil,Myers,99,94,29,4,28,4,68,6,94,28,444,0.33579881656804733,0.4608
2000,SDN,nevinph01,Phil,Nevin,87,97,34,1,31,4,59,0,107,2,375,0.37355371900826445,0.5428
2001,SDN,nevinph01,Phil,Nevin,97,95,31,0,41,4,71,4,126,4,379,0.38782051282051283,0.5879
2004,SDN,nevinph01,Phil,Nevin,78,100,31,1,26,5,66,0,105,0,389,0.36757624398073835,0.4918
2001,BOS,nixontr01,Trot,Nixon,100,88,31,4,27,7,79,4,88,7,385,0.3763955342902711,0.5047
2002,BOS,nixontr01,Trot,Nixon,81,73,36,3,24,5,65,2,94,4,396,0.33825944170771755,0.4699
2015,SDN,norride01,Derek,Norris,65,80,33,2,14,6,35,1,62,4,386,0.3052064631956912,0.4039
2001,BOS,offerjo01,Jose,Offerman,76,105,23,3,9,1,61,2,49,5,384,0.34179357021996615,0.3740
2000,BOS,oleartr01,Troy,O'Leary,68,87,30,4,13,2,44,2,70,0,379,0.3197158081705151,0.4113
2004,BOS,ortizda01,David,Ortiz,94,84,47,3,41,4,75,0,139,0,407,0.3796711509715994,0.6031
2005,BOS,ortizda01,David,Ortiz,119,92,40,1,47,1,102,0,148,1,421,0.39691444600280507,0.6040
2006,BOS,ortizda01,David,Ortiz,115,75,29,2,54,4,119,0,137,1,398,0.41253644314868804,0.6362
2007,BOS,ortizda01,David,Ortiz,116,94,52,1,35,4,111,1,117,3,367,0.4452773613193403,0.6211
2009,BOS,ortizda01,David,Ortiz,77,65,35,1,28,5,74,2,99,0,412,0.3317384370015949,0.4621
2010,BOS,ortizda01,David,Ortiz,86,71,36,1,32,2,82,1,102,0,378,0.3696369636963696,0.5290
2011,BOS,ortizda01,David,Ortiz,84,92,40,1,29,1,78,1,96,1,363,0.39834710743801655,0.5543
2013,BOS,ortizda01,David,Ortiz,84,90,38,2,30,1,76,0,103,4,358,0.395,0.5637
2014,BOS,ortizda01,David,Ortiz,59,74,27,0,35,3,75,0,104,0,382,0.3554817275747508,0.5174
2015,BOS,ortizda01,David,Ortiz,73,70,37,0,37,0,77,1,108,0,384,0.35993485342019543,0.5530
2016,BOS,ortizda01,David,Ortiz,79,82,48,1,38,2,80,0,127,2,368,0.4009584664536741,0.6201
2000,SDN,owenser01,Eric,Owens,87,139,19,7,6,4,45,14,51,29,412,0.34591194968553457,0.3808
2003,COL,paytoja01,Jay,Payton,93,116,32,5,28,7,43,4,89,6,419,0.3537519142419602,0.5117
2007,BOS,pedrodu01,Dustin,Pedroia,86,117,39,1,8,7,47,1,50,7,355,0.3802083333333333,0.4423
2008,BOS,pedrodu01,Dustin,Pedroia,118,140,54,2,17,7,50,1,83,20,440,0.37552155771905427,0.4931
2009,BOS,pedrodu01,Dustin,Pedroia,115,121,48,1,15,5,74,8,72,20,441,0.37130801687763715,0.4473
2011,BOS,pedrodu01,Dustin,Pedroia,102,134,37,3,21,1,86,8,91,26,440,0.3868312757201646,0.4740
2012,BOS,pedrodu01,Dustin,Pedroia,81,106,39,3,15,5,48,6,65,20,400,0.34726688102893893,0.4494
2013,BOS,pedrodu01,Dustin,Pedroia,91,140,42,2,9,3,73,5,84,17,448,0.3715469613259669,0.4150
2014,BOS,pedrodu01,Dustin,Pedroia,72,113,33,0,7,1,51,6,53,6,398,0.3366174055829228,0.3757
2016,BOS,pedrodu01,Dustin,Pedroia,105,149,36,1,15,0,61,4,74,7,432,0.37589670014347204,0.4487
2014,SLN,peraljh01,Jhonny,Peralta,61,88,38,0,21,6,58,2,75,3,413,0.3359872611464968,0.4429
2015,SLN,peraljh01,Jhonny,Peralta,64,115,26,1,17,5,50,4,71,1,420,0.334375,0.4111
2000,COL,perezne01,Neifi,Perez,92,127,39,11,10,0,30,6,71,3,464,0.31358381502890176,0.4270
2006,CIN,phillbr01,Brandon,Phillips,65,102,28,1,17,6,35,2,75,25,388,0.3241852487135506,0.4272
2007,CIN,phillbr01,Brandon,Phillips,107,125,26,6,30,12,33,8,94,32,463,0.3314285714285714,0.4846
2008,CIN,phillbr01,Brandon,Phillips,80,94,24,7,21,5,39,10,78,23,413,0.31198686371100165,0.4419
2009,CIN,phillbr01,Brandon,Phillips,78,106,30,5,20,6,44,9,98,25,423,0.32866043613707163,0.4469
2010,CIN,phillbr01,Brandon,Phillips,100,116,33,5,18,8,46,12,59,16,454,0.33186490455212925,0.4297
2011,CIN,phillbr01,Brandon,Phillips,94,125,38,2,18,9,44,9,82,14,427,0.35276532137518685,0.4574
2012,CIN,phillbr01,Brandon,Phillips,86,114,30,1,18,8,28,2,77,15,417,0.3209677419354839,0.4293
2013,CIN,phillbr01,Brandon,Phillips,80,114,24,2,18,8,39,3,103,5,448,0.30966767371601206,0.3960
2015,CIN,phillbr01,Brandon,Phillips,69,140,19,2,12,4,27,3,70,23,415,0.3279742765273312,0.3946
2016,CIN,phillbr01,Brandon,Phillips,74,114,34,1,11,8,18,8,64,14,390,0.31958762886597936,0.4164
2001,COL,pierrju01,Juan,Pierre,108,163,26,11,2,10,41,17,55,46,415,0.3781763826606876,0.4149
2002,COL,pierrju01,Juan,Pierre,90,144,20,5,1,9,31,12,35,47,422,0.3322784810126582,0.3429
2007,LAN,pierrju01,Juan,Pierre,96,164,24,8,0,6,33,15,41,64,472,0.3314527503526093,0.3533
2016,SLN,piscost01,Stephen,Piscotty,86,99,35,3,22,12,51,5,85,7,423,0.34312210200927357,0.4570
2015,PIT,polangr01,Gregory,Polanco,83,102,35,6,9,1,55,10,52,27,441,0.3195084485407066,0.3811
2016,PIT,polangr01,Gregory,Polanco,79,76,34,4,22,0,53,6,86,17,391,0.3225255972696246,0.4630
2001,SLN,polanpl01,Placido,Polanco,87,140,26,4,3,6,25,3,38,12,391,0.3422818791946309,0.3830
2014,LAN,puigya01,Yasiel,Puig,92,103,37,9,16,12,67,7,69,11,393,0.3824451410658307,0.4803
2001,SLN,pujolal01,Albert,Pujols,112,106,47,4,37,9,69,3,130,1,396,0.40296296296296297,0.6102
2002,SLN,pujolal01,Albert,Pujols,118,109,40,2,34,9,72,4,127,2,405,0.3940740740740741,0.5610
2003,SLN,pujolal01,Albert,Pujols,137,117,51,1,43,10,79,1,124,5,379,0.4394160583941606,0.6667
2004,SLN,pujolal01,Albert,Pujols,133,97,51,2,46,7,84,5,123,5,396,0.4147398843930636,0.6571
2005,SLN,pujolal01,Albert,Pujols,129,114,38,2,41,9,97,2,117,16,396,0.43,0.6091
2006,SLN,pujolal01,Albert,Pujols,119,94,33,1,49,4,92,2,137,7,358,0.4305993690851735,0.6710
2007,SLN,pujolal01,Albert,Pujols,99,114,38,1,32,7,99,6,103,2,380,0.42857142857142855,0.5681
2008,SLN,pujolal01,Albert,Pujols,100,106,44,0,37,5,104,3,116,7,337,0.46177847113884557,0.6527
2009,SLN,pujolal01,Albert,Pujols,124,93,45,1,47,9,115,4,135,16,382,0.44285714285714284,0.6585
2010,SLN,pujolal01,Albert,Pujols,115,101,39,1,42,4,103,4,118,14,404,0.4142857142857143,0.5963
2011,SLN,pujolal01,Albert,Pujols,105,107,29,0,37,4,61,1,99,9,406,0.3655913978494624,0.5406
2001,PIT,ramirar01,Aramis,Ramirez,83,107,40,0,34,8,40,4,112,5,422,0.34961832061068704,0.5357
2002,PIT,ramirar01,Aramis,Ramirez,51,78,26,0,18,8,29,0,71,2,400,0.2789473684210526,0.3870
2016,BOS,ramirha01,Hanley,Ramirez,81,98,28,1,30,7,60,3,111,9,392,0.36129032258064514,0.5046
2001,BOS,ramirma02,Manny,Ramirez,93,86,33,2,41,8,81,1,125,0,367,0.40483870967741936,0.6087
2003,BOS,ramirma02,Manny,Ramirez,117,111,36,1,37,8,97,1,104,3,384,0.4270986745213549,0.5870
2004,BOS,ramirma02,Manny,Ramirez,108,88,44,0,43,6,82,4,130,2,393,0.39668174962292607,0.6127
2005,BOS,ramirma02,Manny,Ramirez,112,86,30,1,45,10,80,0,144,1,392,0.38769230769230767,0.5939
2004,PIT,redmati01,Tike,Redman,65,122,19,4,8,3,23,6,51,18,393,0.31022530329289427,0.3736
2000,CIN,reesepo01,Pokey,Reese,76,94,20,6,12,6,45,3,46,29,386,0.31881533101045295,0.3861
2000,SLN,renteed01,Edgar,Renteria,94,107,32,1,16,1,63,13,76,21,406,0.3464566929133858,0.4235
2002,SLN,renteed01,Edgar,Renteria,77,117,36,2,11,4,49,7,83,22,378,0.3637873754152824,0.4393
2003,SLN,renteed01,Edgar,Renteria,96,133,47,1,13,1,65,7,100,34,393,0.3939393939393939,0.4804
2004,SLN,renteed01,Edgar,Renteria,84,121,37,0,10,1,39,11,72,17,418,0.3270440251572327,0.4010
2005,BOS,renteed01,Edgar,Renteria,100,124,36,4,8,3,55,4,70,9,451,0.33527696793002915,0.3852
2003,SLN,rolensc01,Scott,Rolen,98,82,49,1,28,9,82,3,104,13,399,0.3820395738203957,0.5277
2004,SLN,rolensc01,Scott,Rolen,109,87,32,4,34,13,72,3,124,4,343,0.40878378378378377,0.5980
2006,SLN,rolensc01,Scott,Rolen,94,83,48,1,22,9,56,4,95,7,367,0.3686868686868687,0.5182
2015,LAN,rolliji01,Jimmy,Rollins,71,76,24,3,13,0,44,8,41,12,401,0.2846975088967972,0.3578
2006,PIT,sanchfr01,Freddy,Sanchez,85,139,53,2,6,7,31,2,85,3,382,0.3783783783783784,0.4725
2007,PIT,sanchfr01,Freddy,Sanchez,77,126,42,4,11,8,32,1,81,0,419,0.3425499231950845,0.4419
2008,PIT,sanchfr01,Freddy,Sanchez,75,117,26,2,9,4,21,1,52,0,415,0.29833333333333334,0.3708
2008,SLN,schumsk01,Skip,Schumaker,87,128,22,5,8,2,47,2,46,8,377,0.3593220338983051,0.4056
2009,SLN,schumsk01,Skip,Schumaker,85,122,34,1,4,0,52,2,35,2,371,0.3641025641025641,0.3929
2010,BOS,scutama01,Marco,Scutaro,92,125,38,0,11,3,53,4,56,5,458,0.33285094066570187,0.3877
2016,LAN,seageco01,Corey,Seager,105,122,40,5,26,4,54,3,72,3,434,0.3653566229985444,0.5120
2000,LAN,sheffga01,Gary,Sheffield,105,93,24,3,43,4,101,6,109,4,338,0.43790849673202614,0.6427
2001,LAN,sheffga01,Gary,Sheffield,98,94,28,2,36,4,94,4,100,10,355,0.4174757281553398,0.5825
2015,SDN,solarya01,Yangervis,Solarte,63,91,33,4,14,6,34,0,63,1,384,0.31985940246045697,0.4278
2010,CIN,stubbdr01,Drew,Stubbs,91,84,19,6,22,5,55,6,77,30,383,0.3293103448275862,0.4436
2011,CIN,stubbdr01,Drew,Stubbs,92,107,22,3,15,7,63,10,44,40,457,0.3214814814814815,0.3642
2016,CIN,suareeu01,Eugenio,Suarez,78,92,25,2,21,8,51,5,70,11,425,0.31738437001594894,0.4106
2007,COL,tulowtr01,Troy,Tulowitzki,104,115,33,5,24,9,57,6,99,7,432,0.35893648449039883,0.4795
2009,COL,tulowtr01,Troy,Tulowitzki,101,95,25,9,32,3,73,11,92,20,382,0.37738853503184716,0.5525
2011,COL,tulowtr01,Troy,Tulowitzki,81,94,36,2,30,4,59,3,105,9,375,0.371900826446281,0.5438
2016,LAN,turneju01,Justin,Turner,79,89,34,3,27,10,48,1,90,4,403,0.3392282958199357,0.4928
2015,SDN,uptonju01,Justin,Upton,85,81,26,3,26,4,68,5,81,19,406,0.3360258481421648,0.4539
2002,COL,uribeju01,Juan,Uribe,69,98,25,7,6,5,34,2,49,9,430,0.2864157119476268,0.3410
2016,LAN,utleych01,Chase,Utley,79,86,26,3,14,11,40,2,52,2,383,0.3191489361702128,0.3965
2001,SLN,vinafe01,Fernando,Vina,95,144,30,8,9,22,32,7,56,17,440,0.35662299854439594,0.4184
2002,SLN,vinafe01,Fernando,Vina,75,133,29,5,1,18,44,11,54,17,454,0.33285094066570187,0.3376
2008,CIN,vottojo01,Joey,Votto,69,97,32,3,24,2,59,5,84,7,370,0.3684210526315789,0.5057
2010,CIN,vottojo01,Joey,Votto,106,102,36,2,37,7,91,5,113,16,370,0.4243827160493827,0.5996
2011,CIN,vottojo01,Joey,Votto,101,113,40,3,29,4,110,6,103,8,414,0.41585535465924894,0.5309
2013,CIN,vottojo01,Joey,Votto,101,120,30,3,24,4,135,3,73,6,404,0.43526170798898073,0.4905
2015,CIN,vottojo01,Joey,Votto,95,107,33,2,29,5,143,3,80,11,374,0.4589928057553957,0.5413
2016,CIN,vottojo01,Joey,Votto,101,116,34,2,29,5,108,1,97,8,375,0.4342688330871492,0.5504
2011,PIT,walkene01,Neil,Walker,76,111,36,4,12,4,54,6,83,9,433,0.3338368580060423,0.4077
2014,PIT,walkene01,Neil,Walker,74,88,25,3,23,11,45,2,76,2,373,0.34210526315789475,0.4668
2015,PIT,walkene01,Neil,Walker,69,95,32,3,16,8,44,1,71,4,397,0.3283582089552239,0.4273
2002,CIN,walketo04,Todd,Walker,79,127,42,3,11,3,50,5,64,8,429,0.3532934131736527,0.4314
2003,BOS,walketo04,Todd,Walker,92,111,38,4,13,1,48,1,85,1,421,0.3328173374613003,0.4276
2004,PIT,wilsocr03,Craig,Wilson,97,79,35,5,29,30,50,2,82,2,413,0.35403726708074534,0.4991
2002,PIT,wilsoja02,Jack,Wilson,77,103,22,4,4,4,37,2,47,5,394,0.30579964850615116,0.3321
2003,PIT,wilsoja02,Jack,Wilson,58,110,21,3,9,4,36,5,62,5,415,0.3029801324503311,0.3530
2004,PIT,wilsoja02,Jack,Wilson,82,137,41,12,11,3,26,4,59,8,451,0.33527696793002915,0.4586
2005,PIT,wilsoja02,Jack,Wilson,60,112,24,7,8,6,31,3,52,7,436,0.29936305732484075,0.3629
2006,PIT,wilsoja02,Jack,Wilson,70,112,27,1,8,4,33,3,35,4,395,0.3162393162393162,0.3702
2003,COL,wilsopr01,Preston,Wilson,94,89,43,1,36,4,54,7,141,14,431,0.3434190620272315,0.5367
2004,SLN,womacto01,Tony,Womack,91,140,22,3,5,3,36,5,38,26,383,0.3494983277591973,0.3852
2015,SLN,wongko01,Kolten,Wong,71,103,28,4,11,15,36,8,61,15,411,0.32137030995106036,0.3860
2006,BOS,youklke01,Kevin,Youkilis,100,102,42,2,13,9,91,2,72,5,410,0.38088235294117645,0.4288
2007,BOS,youklke01,Kevin,Youkilis,85,99,35,2,16,15,77,2,83,4,376,0.3904,0.4527
2008,BOS,youklke01,Kevin,Youkilis,91,92,43,4,29,12,62,5,115,3,370,0.3896940418679549,0.5688
2000,CIN,youngdm01,Dmitri,Young,68,105,37,6,18,3,36,3,88,0,382,0.34628378378378377,0.4909
2001,CIN,youngdm01,Dmitri,Young,68,111,28,3,21,5,37,5,69,8,377,0.3504273504273504,0.4815
2002,COL,zeileto01,Todd,Zeile,61,97,23,0,18,1,66,1,87,1,368,0.35344827586206895,0.4249
